{
    "RF metrics": {
        "time signal metrics": {
            "mse": 2.02966046333313,
            "rmse": 1.4246615171432495,
            "mae": 0.4953790605068207,
            "mape": 8.571248054504395,
            "envelope_rmse": 1.032838225364685,
            "cross_correlation_metrics": {
                "average peak": 0.2770630121231079,
                "all_correlation_peaks": [
                    0.2811799943447113,
                    0.34051066637039185,
                    0.3557222783565521,
                    0.30100494623184204,
                    0.30700334906578064,
                    0.36943724751472473,
                    0.3287929892539978,
                    0.2783547341823578,
                    0.23796294629573822,
                    0.34114882349967957,
                    0.223337784409523,
                    0.24710004031658173,
                    0.28318506479263306,
                    0.2557583153247833,
                    0.3510754406452179,
                    0.3429645001888275,
                    0.24575316905975342,
                    0.2778562605381012,
                    0.27357351779937744,
                    0.31007450819015503,
                    0.24935999512672424,
                    0.3272625505924225,
                    0.33978256583213806,
                    0.20651891827583313,
                    0.23706915974617004,
                    0.3615223169326782,
                    0.3206797242164612,
                    0.28278177976608276,
                    0.49549221992492676,
                    0.2870616912841797,
                    0.3248780071735382,
                    0.32438501715660095,
                    0.3593711853027344,
                    0.3409946858882904,
                    0.2909280061721802,
                    0.21558992564678192,
                    0.31159356236457825,
                    0.27038612961769104,
                    0.20672549307346344,
                    0.2048657089471817,
                    0.29661890864372253,
                    0.3632654547691345,
                    0.24317681789398193,
                    0.23981142044067383,
                    0.18953874707221985,
                    0.2711435556411743,
                    0.4033816158771515,
                    0.23711206018924713,
                    0.27234166860580444,
                    0.27939170598983765,
                    0.31727084517478943,
                    0.2730015218257904,
                    0.24116507172584534,
                    0.2824351489543915,
                    0.2993975877761841,
                    0.2401657998561859,
                    0.2680164873600006,
                    0.22559890151023865,
                    0.3679061233997345,
                    0.26390060782432556,
                    0.23015739023685455,
                    0.3075299561023712,
                    0.2343696653842926,
                    0.27135664224624634,
                    0.26975977420806885,
                    0.25381413102149963,
                    0.32331976294517517,
                    0.23474366962909698,
                    0.28286728262901306,
                    0.24982629716396332,
                    0.29178017377853394,
                    0.3036622107028961,
                    0.30825483798980713,
                    0.29991236329078674,
                    0.27260056138038635,
                    0.3362961411476135,
                    0.302449107170105,
                    0.2394179105758667,
                    0.31448477506637573,
                    0.2655765116214752,
                    0.23619574308395386,
                    0.2796872556209564,
                    0.3936574161052704,
                    0.25823667645454407,
                    0.25503429770469666,
                    0.3638331890106201,
                    0.2410934716463089,
                    0.266861230134964,
                    0.24852362275123596,
                    0.3557702600955963,
                    0.22405141592025757,
                    0.22453437745571136,
                    0.3225051760673523,
                    0.27736303210258484,
                    0.2583085596561432,
                    0.22869041562080383,
                    0.3527008295059204,
                    0.23190011084079742,
                    0.2736217677593231,
                    0.22170062363147736,
                    0.256365031003952,
                    0.4134027063846588,
                    0.3029114305973053,
                    0.325011283159256,
                    0.3109152615070343,
                    0.28841835260391235,
                    0.2394828200340271,
                    0.2582363486289978,
                    0.22171732783317566,
                    0.2685246467590332,
                    0.2225566953420639,
                    0.2188364565372467,
                    0.26903221011161804,
                    0.32486191391944885,
                    0.3407813012599945,
                    0.2914806604385376,
                    0.23205305635929108,
                    0.2910322844982147,
                    0.2942309081554413,
                    0.2741168141365051,
                    0.2973219156265259,
                    0.2481987029314041,
                    0.24191969633102417,
                    0.24867038428783417,
                    0.19863952696323395,
                    0.17664755880832672,
                    0.27276965975761414,
                    0.23151147365570068,
                    0.26280340552330017,
                    0.26769912242889404,
                    0.26272860169410706,
                    0.20910729467868805,
                    0.2405722588300705,
                    0.21370738744735718,
                    0.23337282240390778,
                    0.28207314014434814,
                    0.2912750542163849,
                    0.2802767753601074,
                    0.3320641815662384,
                    0.23772326111793518,
                    0.2811034619808197,
                    0.2730381190776825,
                    0.2341555505990982,
                    0.24595294892787933,
                    0.1996779441833496,
                    0.2056780755519867,
                    0.23797069489955902,
                    0.21079394221305847,
                    0.3085022270679474,
                    0.20214654505252838,
                    0.2110835462808609,
                    0.2438332736492157,
                    0.3255239725112915,
                    0.27240970730781555,
                    0.24825868010520935,
                    0.2560286819934845,
                    0.3095969259738922,
                    0.3799321949481964,
                    0.3385651707649231,
                    0.27062666416168213,
                    0.26205554604530334,
                    0.31330403685569763,
                    0.3723917603492737,
                    0.27365633845329285,
                    0.3409688472747803,
                    0.36317235231399536,
                    0.20734237134456635,
                    0.30125752091407776,
                    0.29213792085647583,
                    0.2526545524597168,
                    0.2621341049671173,
                    0.19612404704093933,
                    0.22385437786579132,
                    0.2692573368549347,
                    0.314460426568985,
                    0.2440473437309265,
                    0.33504170179367065,
                    0.2623727321624756,
                    0.27326294779777527,
                    0.26645731925964355,
                    0.29106929898262024,
                    0.2564430236816406,
                    0.21988897025585175,
                    0.2623201310634613,
                    0.3831975758075714,
                    0.21900084614753723,
                    0.220848947763443,
